rss,heapTotal,heapUsed,external
86724608,63447040,30493120,1879092
101711872,71647232,39411128,2348961
101711872,71647232,39416896,2348961
102559744,71909376,40541224,2389885
102559744,71909376,40550616,2389885
103661568,71909376,47884448,2389885
104144896,73220096,40188216,2285587
104144896,73220096,40192416,2285587
104255488,73220096,47493488,2285587
105050112,73482240,39568088,2285587
105050112,73482240,39572296,2285587
105324544,73482240,46857328,2285587
105385984,73482240,54071048,2285587
62525440,32120832,28488072,2025208
66031616,35266560,30675744,2025217
68079616,35790848,31046192,2025217
68100096,35790848,31080648,2025223
69877760,40771584,33264392,2025223
72863744,41033728,33300008,2025223
72871936,41033728,33335608,2025223
73629696,41820160,33385352,2025223
74412032,42344448,33348272,2025223
74420224,42344448,33388368,2025223
75198464,50733056,27723856,2008807
78290944,50733056,34926952,2008807
78331904,50733056,34966128,2008807
81854464,50733056,34390696,2008807
83582976,50733056,33715200,2008816
83582976,50733056,33751704,2017008
83730432,50733056,33071128,2017008
83890176,50733056,32377616,2017008
83886080,50733056,32413064,2017008
84004864,50733056,31777424,2017008
84267008,50733056,31118592,2017008
84271104,50733056,31154488,2017008
84398080,50733056,30585072,2017008
84406272,50733056,30031480,2017008
84406272,50733056,30070648,2017008
84414464,50733056,29814008,2017008
84508672,50733056,29485128,2017008
84508672,50733056,29532752,2017017
84578304,50733056,29373320,2017017
84676608,50733056,29664032,2017017
84672512,50733056,29703120,2017017
84770816,50733056,29673048,2017017
84869120,50733056,29605904,2017017
84869120,50733056,29645424,2017017
84983808,50733056,29660568,2017017
84144128,65937408,27577560,2008807
84140032,65937408,27617312,2008807
84254720,65937408,35132880,2008807
90816512,65937408,42662072,2008807
90853376,65937408,42701896,2008807
92569600,65937408,33921192,2008816
98009088,65937408,41424000,2008816
98050048,65937408,41463712,2008816
100900864,65937408,32764112,2017008
101068800,65937408,40375536,2017008
101056512,65937408,40414792,2017008
101228544,65937408,31728272,2017008
101400576,65937408,39364800,2017008
101396480,65937408,39404096,2017008
101548032,65937408,30776696,2017008
101609472,65937408,38451032,2017008
101613568,65937408,38486456,2017008
101728256,65937408,29927480,2017008
101789696,65937408,37608176,2017017
101789696,65937408,37647488,2017017
101797888,65937408,29294272,2017017
101875712,65937408,37041416,2017017
101875712,65937408,37080760,2017017
97431552,65937408,29037160,2017017
97906688,65937408,36830504,2017017
97878016,65937408,36870200,2017017
98033664,65937408,29165360,2017017
98123776,65937408,36964672,2017017
98127872,65937408,37000264,2017017
98222080,65937408,29045128,2017017
98414592,65937408,36901640,2017017
98414592,65937408,36949800,2017026
98443264,65937408,29048832,2017026
98750464,65937408,36939152,2017026
98750464,65937408,36978464,2017026
98824192,65937408,29053768,2017026
98930688,65937408,36959872,2025218
98508800,65937408,37003624,2025218
98910208,65937408,29104816,2025218
98959360,65937408,37063376,2025218
98959360,65937408,37098928,2025218
99196928,65937408,29112560,2025218
99196928,65937408,37120392,2025218
99196928,65937408,37155928,2025218
99405824,65937408,29221792,2025227
99475456,65937408,37223168,2025227
99475456,65937408,37255128,2025227
99500032,65937408,29271656,2025227
99635200,65937408,37315056,2025227
99635200,65937408,37346888,2025227
99680256,65937408,29401104,2025227
99909632,65937408,37521472,2025227
99905536,65937408,37556744,2025227
100093952,65937408,29471248,2025227
100593664,65937408,39695040,2199095
100552704,65937408,39726784,2199095
100593664,65937408,31858896,2131748
100651008,65937408,40045808,2131757
100651008,65937408,40079096,2131757
100761600,65937408,32246128,2131757
100859904,65937408,40436032,2131757
100864000,65937408,40441264,2131757
100982784,65937408,32404856,2131757
101048320,65937408,40652176,2131757
101048320,65937408,40656240,2131757
101158912,65937408,32715616,2131757
101351424,65937408,40970416,2139949
101351424,65937408,40974624,2139949
101462016,65937408,33083072,2139949
101470208,65937408,41447912,2139955
101470208,65937408,41451784,2139955
101601280,65937408,33577424,2139955
101675008,65937408,41958664,2139961
101675008,65937408,41962536,2139961
101806080,65937408,34040752,2139961
102023168,65937408,42504920,2139961
102023168,65937408,42508928,2139961
102137856,65937408,34568960,2139961
102244352,65937408,43016056,2139961
102244352,65937408,43019928,2139961
102416384,65937408,35180272,2139961
102555648,65937408,43629840,2139961
102555648,65937408,43633872,2139961
102563840,65937408,35812824,2139961
98009088,65937408,44332168,2139961
98009088,65937408,44336008,2139961
98533376,65937408,36600752,2139961
98619392,65937408,45138488,2139961
98619392,65937408,45142328,2139961
98766848,65937408,37205392,2139961
98267136,65937408,30077128,2139961
98267136,65937408,30080968,2139961
98803712,65937408,38680184,2139961
98885632,65937408,31137768,2139961
98852864,65937408,31141792,2139961
98951168,65937408,39762720,2139961
99041280,65937408,32125480,2139961
99008512,65937408,32129320,2139961
99229696,65937408,40846832,2139961
99352576,65937408,33327744,2139961
99352576,65937408,33331584,2139961
99393536,65937408,42071560,2139961
99172352,65937408,34492376,2148153
99172352,65937408,34495728,2148153
99540992,65937408,43223248,2148153
99741696,65937408,35694024,2148153
99741696,65937408,35702048,2148153
99790848,65937408,44518552,2148153
100040704,65937408,37053128,2148153
100036608,65937408,37087128,2148153
100216832,65937408,30104736,2148153
100257792,65937408,38938760,2148153
100253696,65937408,38972800,2148153
100376576,65937408,32109368,2148153
100696064,65937408,40989904,2148153
100274176,65937408,41046304,2148153
100663296,65937408,33711672,2148153
100872192,65937408,42590040,2148153
100876288,65937408,42615800,2148153
100884480,65937408,35300272,2148153
101036032,65937408,44198320,2148153
101191680,65937408,44229912,2148153
101326848,65937408,37054448,2148153
101392384,65937408,30223176,2148153
101396480,65937408,30252816,2148153
101543936,65937408,39269048,2148153
101679104,65937408,32128848,2148153
101679104,65937408,32154848,2148153
101728256,65937408,41190064,2148153
101888000,65937408,34015360,2148153
101888000,65937408,34041120,2148153
102023168,65937408,43171128,2148153
102096896,65937408,35945792,2148153
102100992,65937408,35971944,2148153
102240256,65937408,45139664,2148153
102313984,65937408,37899808,2148153
102313984,65937408,37925568,2148153
102432768,65937408,30908048,2148153
102686720,65937408,40099688,2148153
102686720,65937408,40128944,2148153
102846464,65937408,33075440,2148153
102891520,65937408,42232648,2156345
102891520,65937408,42258384,2156345
98189312,65937408,35331304,2156345
98680832,65937408,44537480,2156345
98873344,65937408,44564000,2156345
99004416,65937408,37605656,2156345
99139584,65937408,30846944,2156345
99270656,65937408,30874088,2156345
99336192,65937408,40168840,2156345
99569664,65937408,33256216,2156345
99573760,65937408,33283288,2156345
99614720,65937408,42652712,2156345
99696640,65937408,35830448,2156345
99692544,65937408,35857912,2156345
99475456,65937408,45271192,2156345
99622912,65937408,38131104,2156345
99622912,65937408,38158144,2156345
99684352,65937408,31397912,2156345
99889152,65937408,40825656,2156345
99885056,65937408,40849840,2156345
100036608,65937408,34060952,2156345
100184064,65937408,43708496,2156345
100188160,65937408,43735800,2156345
100409344,65937408,36920240,2156345
100474880,65937408,30494048,2156345
100470784,65937408,30521440,2156345
100675584,65937408,40083056,2156345
100933632,65937408,33508464,2156345
100933632,65937408,33535408,2156345
101101568,65937408,43066088,2156345
101134336,65937408,36477568,2156345
101138432,65937408,36501416,2156345
101376000,65937408,30406568,2156345
101445632,65937408,40062440,2156345
101445632,65937408,40089600,2156345
101466112,65937408,33517160,2156345
101605376,65937408,43206840,2156345
101609472,65937408,43233784,2156345
101658624,65937408,36696824,2156345
101818368,65937408,30569240,2164537
101814272,65937408,30596312,2164537
102055936,65937408,40333048,2164537
102232064,65937408,33846784,2164537
102232064,65937408,33874048,2164537
102363136,65937408,43739880,2164537
102404096,65937408,37323512,2164537
102404096,65937408,37347472,2164537
102514688,65937408,31031704,2164537
102637568,65937408,40912296,2164537
102633472,65937408,40939480,2164537
102903808,65937408,34677960,2164537
103018496,65937408,44615504,2164537
103018496,65937408,44642736,2164537
103112704,65937408,38351344,2164537
103120896,65937408,32156760,2164537
103120896,65937408,32183752,2164537
103264256,65937408,42108104,2164537
98263040,65937408,35900184,2164537
98263040,65937408,35902448,2164537
98832384,65937408,30251792,2164537
98988032,65937408,40355720,2164537
98988032,65937408,40357960,2164537
99090432,65937408,34123592,2164537
99221504,65937408,44285656,2164537
99221504,65937408,44287896,2164537
99434496,65937408,38119104,2164537
99627008,65937408,31984680,2164537
99627008,65937408,31986920,2164537
99733504,65937408,42071504,2164537
99860480,65937408,35987080,2164537
99860480,65937408,35989320,2164537
99995648,65937408,30418688,2164537
100126720,65937408,40631992,2164537
100126720,65937408,40634240,2164537
100233216,65937408,34628304,2164537
100319232,65937408,44824328,2164537
100315136,65937408,44826576,2164537
100466688,65937408,38727624,2164537
100597760,65937408,32801544,2172729
100597760,65937408,32803816,2172729
100864000,65937408,43053640,2172729
101081088,65937408,37238128,2172729
101081088,65937408,37240400,2172729
101208064,65937408,31329104,2172729
101371904,65937408,41701136,2172729
101371904,65937408,41703384,2172729
101507072,65937408,35806096,2172729
101507072,65937408,30508152,2172729
101507072,65937408,30510424,2172729
101670912,65937408,40955104,2172729
101908480,65937408,35216792,2172729
101908480,65937408,35219040,2172729
102035456,65937408,30299344,2172729
102043648,65937408,40758208,2172729
102043648,65937408,40760456,2172729
102207488,65937408,35180384,2172729
102371328,65937408,30283960,2172729
102371328,65937408,30286208,2172729
102375424,65937408,40810576,2172729
102543360,65937408,35205352,2172729
102543360,65937408,35207600,2172729
102703104,65937408,30338480,2172729
102772736,65937408,40945496,2172729
102764544,65937408,40952200,2172729
102924288,65937408,35373840,2172729
103051264,65937408,30458328,2172729
103047168,65937408,30485104,2172729
103100416,65937408,41079792,2172729
103264256,65937408,35562384,2172729
103264256,65937408,35585984,2172729
98500608,65937408,30582656,2172729
99061760,65937408,41286352,2172729
99065856,65937408,41310288,2172729
99160064,65937408,35989536,2172729
99377152,65937408,30790088,2172729
99377152,65937408,30813704,2172729
99520512,65937408,41630312,2180921
99700736,65937408,36231768,2180921
99696640,65937408,36255360,2180921
99840000,65937408,30939592,2180921
99909632,65937408,41734680,2180921
99905536,65937408,41762072,2180921
99983360,65937408,36523504,2180921
100118528,65937408,31281832,2180921
133849088,94248960,67233032,1992468
133517312,94248960,66135296,1992499
140677120,94248960,63774344,1992406
140529664,94248960,67753496,1992561
141062144,94248960,67276792,1992499
142356480,94248960,64974216,1992406
140922880,94248960,68881536,1992561
141406208,94248960,68145224,1992499
82153472,34480128,29245736,1992406
81158144,34480128,28899024,1992406
86327296,39198720,32821872,1992499
87572480,40771584,31416600,1992406
87478272,40771584,32447472,1992468
82796544,35528704,29126392,1992406
87420928,39723008,29938520,1992406
87711744,39723008,30296392,1992437
89776128,49160192,30169328,1992499
98238464,49160192,29005024,1992406
98263040,49160192,32968752,1992561
98795520,49160192,33422776,1992499
98893824,49160192,31914528,1992406
98902016,49160192,35847064,1992561
100061184,66723840,30128576,1992499
107765760,66723840,43056840,1992623
108531712,66723840,31653264,1992499
116830208,66723840,31072672,1992437
116903936,66723840,44016072,1992561
116989952,66723840,32832632,1992468
117260288,66723840,32260400,1992437
117288960,66723840,45360024,1992561
117288960,66723840,45384288,1992561
110645248,66723840,41009128,2000598
111288320,66723840,36398712,2000598
111288320,66723840,36426312,2000598
111513600,66723840,31567864,2000598
111714304,66723840,42572904,2000598
111710208,66723840,42597576,2000598
111812608,66723840,37392944,2000598
111902720,66723840,32274152,2000598
111976448,66723840,32751840,2034630
112254976,66723840,43724736,2034630
112443392,66723840,38586792,2033400
112443392,66723840,38618440,2033400
112472064,67510272,33433928,2033400
112525312,67510272,44527216,2033400
112525312,67510272,44551552,2033400
112766976,67510272,39410136,2033400
112902144,67510272,34328600,2033400
112889856,67510272,34356184,2033400
113016832,67510272,45475936,2033400
113262592,67510272,40307408,2033400
113262592,67510272,40334944,2033400
113405952,67510272,35273152,2033418
113483776,67510272,46451008,2033418
113483776,67510272,46478584,2033418
113901568,67510272,41411984,2033418
114053120,67510272,36364216,2041610
114053120,67510272,36388536,2041610
114208768,67510272,31975792,2041610
114294784,67510272,43335152,2041610
114298880,67510272,43363176,2041610
114401280,67510272,38417688,2041610
114606080,67510272,33592696,2041610
114610176,67510272,33620304,2041610
114712576,67510272,44974040,2041610
114810880,67510272,40114336,2041628
114810880,67510272,40141880,2041628
114929664,67510272,35336240,2041628
114966528,67510272,46828960,2041628
114962432,67510272,46856968,2041628
114962432,67510272,41938880,2041628
115281920,67510272,37201672,2041628
113786880,67510272,37226504,2041628
114163712,67510272,32729552,2041628
115662848,67510272,44270592,2041628
115703808,67510272,44278080,2041628
115785728,67510272,39567224,2041628
116031488,67510272,34917960,2041628
116035584,67510272,34936840,2041646
116088832,67510272,46596880,2049838
116248576,67510272,41943880,2049838
116252672,67510272,41946560,2049838
116363264,67510272,37450072,2049838
116531200,67510272,32930192,2049838
116531200,67510272,32932896,2049838
116559872,67510272,44619768,2049838
116699136,67772416,40182808,2049838
116699136,67772416,40185512,2049838
116854784,67772416,35699264,2049838
116887552,67772416,31984248,2049838
116887552,67772416,31986928,2049838
116891648,67772416,43780664,2049856
117047296,67772416,39385704,2049856
117047296,67772416,39388400,2049856
111079424,67772416,35039272,2049856
111562752,67772416,46941128,2049856
111566848,67772416,46943808,2049856
111669248,67772416,42496616,2049856
111841280,67772416,38179624,2049856
111841280,67772416,38182392,2049856
111968256,67772416,33955976,2049856
112070656,67772416,45895544,2058048
112070656,67772416,45898248,2058048
112197632,67772416,41513128,2058057
112324608,67772416,37264896,2058066
112324608,67772416,37267600,2058066
112345088,67772416,33094976,2058066
112517120,67772416,45101536,2058066
112517120,67772416,45104240,2058066
112631808,67772416,40901888,2058066
114290688,67772416,36854848,2058066
114290688,67772416,36857432,2058066
114388992,67772416,32829168,2058066
114507776,67772416,44936400,2058066
114507776,67772416,44938984,2058066
114569216,67772416,40879176,2058066
114708480,67772416,36885536,2058075
114712576,67772416,36899592,2058084
114843648,67772416,33241152,2058084
114917376,67772416,45413392,2058084
114917376,67772416,45441080,2058084
115183616,67772416,41537728,2058084
115367936,67772416,37642712,2058084
115363840,67772416,37670360,2058084
115445760,67772416,33859440,2066276
115589120,67772416,46201992,2066276
115585024,67772416,46229600,2066276
115683328,67772416,42556064,2066276
115806208,67772416,38719104,2066285
115802112,67772416,38746944,2066285
115953664,67772416,34995744,2066294
115998720,67772416,47447848,2066294
116002816,67772416,47475552,2066294
116129792,68034560,43454592,2066294
116396032,68034560,39731408,2066294
116391936,68034560,39756288,2066294
116465664,68034560,36102600,2066294
116580352,68034560,32755504,2066294
116580352,68034560,32783256,2066294
116609024,68034560,45309160,2066294
114704384,68034560,41681384,2066294
114708480,68034560,41711936,2066303
115208192,68034560,38144464,2066303
115400704,68296704,34591608,2066312
115404800,68296704,34618672,2066312
115515392,68296704,47332456,2066312
115646464,68296704,43654200,2074504
115646464,68296704,43681184,2074504
115785728,68296704,40192616,2074504
115908608,68296704,36742376,2074504
115912704,68296704,36769336,2074504
115957760,68296704,33507032,2074504
116101120,68296704,46238128,2074504
116101120,68296704,46271800,2074513
111505408,68296704,42692448,2074513
112168960,68296704,39342824,2074513
112164864,68296704,39376440,2074522
112328704,68296704,36025880,2074522
112525312,68296704,33024680,2074522
112525312,68296704,33051696,2074522
112635904,68296704,45948872,2074522
112812032,68296704,42591504,2074522
112816128,68296704,42618288,2074522
112939008,68296704,39408664,2074522
113000448,68296704,36218832,2074522
113000448,68296704,36245832,2074522
113131520,68296704,33212784,2074531
113192960,68296704,46251800,2074531
113188864,68296704,46278752,2074531
113344512,68296704,43001408,2082732
113364992,68296704,39828960,2082732
113369088,68296704,39855976,2082732
113504256,68296704,36747608,2082732
113676288,68296704,33744400,2082732
113676288,68296704,33768720,2082732
113758208,68296704,46846376,2082732
114405376,68296704,43818296,2082732
114405376,68296704,43842224,2082732
114565120,68296704,40868544,2082741
114712576,68296704,37880472,2082741
114708480,68296704,37907504,2082741
114880512,68296704,34919816,2082741
115027968,68296704,32206752,2082750
115027968,68296704,32230624,2082750
115113984,68296704,45490192,2082750
115277824,68296704,42610728,2082750
115273728,68296704,42634664,2082750
115404800,68296704,39731704,2082750
115568640,68296704,36907184,2082750
115568640,68296704,36931176,2082750
115683328,68296704,34175816,2082750
116719616,68296704,47558240,2090951
116719616,68296704,47585264,2090951
116813824,68296704,44692872,2090951
116965376,68296704,41913728,2090951
116965376,68296704,41947160,2090960
117092352,68296704,39290480,2090960
117141504,68296704,36630992,2090960
117141504,68296704,36654928,2090960
117284864,68296704,34045144,2090960
117420032,68296704,47591752,2090960
117428224,68296704,47620720,2090960
117579776,68296704,44863544,2090960
117616640,68296704,42394504,2090969
117620736,68296704,42421528,2090969
117764096,68296704,39857072,2090969
117882880,68296704,37322912,2090969
117882880,68296704,37325080,2090969
118042624,68296704,34937912,2090978
114655232,68296704,33216248,2090978
114655232,68296704,33218432,2090978
114728960,68296704,46987736,2090978
114831360,68296704,44701544,2090978
114831360,68296704,44703712,2090978
115040256,68296704,42402680,2099170
115118080,68296704,40091408,2099170
115118080,68296704,40100352,2099179
115130368,68296704,37773208,2099179
115138560,68296704,35498600,2099179
115138560,68296704,35500792,2099179
115142656,68296704,33683344,2099179
116002816,68296704,47573752,2099188
116002816,68296704,47575944,2099188
116092928,68296704,45322608,2099188
116244480,68296704,43135704,2099188
116244480,68296704,43137872,2099188
116269056,68296704,40944400,2099188
116346880,68296704,38786312,2099188
116346880,68296704,38794912,2099197
116432896,68296704,36731736,2099197
116469760,68296704,34713384,2099197
116469760,68296704,34715568,2099197
116568064,68296704,33414328,2099197
116637696,68296704,47488320,2099197
116637696,68296704,47497176,2099206
116809728,68296704,45528488,2099206
117026816,68296704,43503040,2107398
117026816,68296704,43505576,2107398
117141504,68296704,41460720,2107398
117141504,68296704,39578936,2107398
117141504,68296704,39581072,2107398
117276672,68296704,37625072,2107407
117444608,68296704,35711032,2107407
117444608,68296704,35713216,2107407
117563392,68296704,34087336,2107407
117628928,68296704,48325320,2107407
117628928,68296704,48327512,2107407
117669888,68296704,46263544,2107416
117784576,68296704,44499840,2107416
117784576,68296704,44502024,2107416
117915648,68296704,42734344,2107416
118034432,68296704,40931136,2107416
118034432,68296704,40957896,2107416
118185984,68296704,39474592,2107425
118472704,68296704,38549384,2107425
118476800,68296704,38575896,2107425
118714368,68296704,37326808,2107425
118747136,68296704,35864960,2107425
118747136,68296704,35891736,2107425
118759424,68296704,34582528,2115617
118886400,68296704,33250768,2115626
118878208,68296704,33274152,2115626
119021568,68296704,47937672,2115626
112324608,68296704,46416424,2115626
112324608,68296704,46439784,2115626
112963584,68296704,44873272,2115626
113152000,68296704,43329016,2115635
113152000,68296704,43355552,2115635
113270784,68296704,41838784,2115635
113463296,68296704,40404088,2115635
113463296,68296704,40430600,2115635
113577984,68296704,38893704,2115635
113729536,68296704,37460216,2115635
113733632,68296704,37493568,2115644
113795072,68296704,36044944,2115644
113938432,68296704,34653040,2115644
113942528,68296704,34679488,2115644
114081792,68296704,33341040,2115644
114216960,68296704,47943752,2115653
114216960,68296704,47970288,2115653
114499584,68296704,46517272,2115653
114782208,68296704,45069336,2123845
114782208,68296704,45092800,2123845
114835456,68296704,43593432,2123845
114987008,68296704,42049152,2123845
114982912,68296704,42075584,2123845
115085312,68296704,40723376,2123854
115118080,68296704,39384856,2123854
115122176,68296704,39411384,2123854
115208192,68296704,38035840,2123854
115396608,68296704,36509968,2123854
115400704,68296704,36543256,2123863
115494912,68296704,35312560,2123863
115654656,68296704,34352184,2123863
115650560,68296704,34378960,2123863
115789824,68296704,49034616,2123863
116011008,68296704,47254728,2123863
114958336,68296704,47293712,2123863
115396608,68296704,45792952,2123863
115560448,68296704,44326456,2123872
115560448,68296704,44353040,2123872
115769344,68296704,42885856,2123872
115908608,68296704,41520128,2123872
115908608,68296704,41553232,2123881
115994624,68296704,40144632,2132073
116064256,68296704,38662496,2132073
116056064,68296704,38689320,2132073
116355072,68296704,37269432,2132073
116424704,68296704,35786136,2132073
116424704,68296704,35812944,2132073
116559872,68296704,34556824,2132073
116752384,68296704,49241040,2132073
116903936,68296704,32616264,2132082
117010432,68296704,47297512,2132082
112451584,68296704,45824392,2132082
112447488,68296704,45850672,2132082
113184768,68296704,44424128,2132091
114077696,68296704,43055272,2132091
114081792,68296704,43081792,2132091
114229248,68558848,41630704,2132091
114552832,68558848,40247984,2132091
114552832,68558848,40274240,2132091
114745344,68558848,38795312,2132091
114900992,68558848,37388784,2132091
114900992,68558848,37414960,2132091
115126272,68558848,36070784,2132100
115294208,68558848,34807112,2140292
115294208,68558848,34833408,2140292
115404800,68558848,34173976,2140301
115560448,68558848,48904624,2140301
115556352,68558848,48927984,2140301
115576832,68558848,47269488,2140301
115724288,68558848,45805600,2140301
115724288,68558848,45828816,2140301
115871744,68558848,44482568,2140301
116277248,68558848,43732216,2140301
116539392,68558848,43755432,2140301
116682752,68558848,42595672,2140301
116801536,68558848,41196288,2140310
116817920,68558848,41215528,2140310
116957184,68558848,39855656,2140310
117043200,68558848,38516432,2140319
117047296,68558848,38518680,2140319
117063680,68558848,37194192,2140319
117309440,68558848,35935888,2140319
117309440,68558848,35938112,2140319
117407744,68558848,35016032,2140319
117477376,68558848,49751176,2140319
117477376,68558848,49753296,2140319
117653504,68558848,47850352,2148511
117800960,68558848,46420016,2148511
117796864,68558848,46428488,2148520
117858304,68558848,45045408,2148520
118013952,68558848,43739400,2148529
118013952,68558848,43741544,2148529
118149120,68558848,42433728,2148529
118308864,68558848,41159960,2148529
118308864,68558848,41162424,2148529
118521856,68558848,39852592,2148529
118689792,68558848,38617616,2148529
118689792,68558848,38619736,2148529
118861824,68558848,37254520,2148529
119033856,68558848,35979968,2148529
119033856,68558848,35982192,2148529
113049600,68558848,35141192,2148538
113807360,68820992,33301048,2148538
113807360,68820992,33309560,2148547
113864704,68820992,48100080,2148547
114225152,68820992,46536192,2148547
114225152,68820992,46538656,2148547
114511872,69083136,45132904,2148547
114675712,69083136,43824088,2156739
114675712,69083136,43826232,2156739
114774016,69083136,42518968,2156739
114929664,69083136,41255296,2156739
114929664,69083136,41257760,2156739
115089408,69083136,39870776,2156739
115249152,69083136,38564192,2156748
115249152,69083136,38572688,2156757
115339264,69345280,37257584,2156757
115486720,69607424,36064104,2156757
115486720,69607424,36066248,2156757
116879360,69607424,35033008,2156757
116887552,69607424,49825664,2156757
116891648,69607424,49849896,2156757
117092352,69607424,48114608,2156757
117248000,69607424,46543448,2156757
117252096,69607424,46570216,2156757
117342208,69607424,45194168,2156757
117506048,69607424,43863248,2156757
117506048,69607424,43896248,2156766
117764096,69607424,42530208,2156775
117932032,69607424,41201336,2156775
117932032,69607424,41228080,2156775
118026240,69607424,39935440,2164967
118194176,69607424,38637384,2164967
118194176,69607424,38664048,2164967
118321152,69607424,37354096,2164967
118452224,69607424,36078104,2164967
118456320,69607424,36104864,2164967
118472704,69607424,35213456,2164967
118620160,69607424,34134840,2164967
118624256,69607424,34161584,2164967
118640640,69607424,49036848,2164985
118796288,69607424,47692600,2164985
118796288,69607424,47719344,2164985
118960128,69607424,46485320,2164985
119132160,69607424,45157488,2164985
119136256,69607424,45184136,2164985
119234560,69607424,43924064,2164985
119521280,69607424,42609232,2164985
119521280,69607424,42636352,2164985
119590912,69607424,41346536,2164985
116432896,69607424,40056440,2164985
116436992,69607424,40083160,2164985
116719616,69607424,38774088,2164985
116719616,69607424,37442752,2173195
116723712,69607424,37469528,2173195
116817920,69607424,36222960,2173195
116834304,69607424,35276184,2173195
116834304,69607424,35299872,2173195
117014528,69607424,34855168,2173195
117280768,69607424,49632872,2173195
117280768,69607424,49659688,2173195
117391360,69607424,48084456,2173195
117497856,69607424,46685200,2173195
117497856,69607424,46712040,2173195
117612544,69607424,45467024,2173195
117829632,69607424,44143456,2173204
117825536,69607424,44173440,2173213
117907456,69607424,42901320,2173213
117964800,69607424,41637056,2173213
117968896,69607424,41663872,2173213
118054912,69607424,40427040,2173213
118091776,69607424,39193288,2173213
118091776,69607424,39219736,2173213
118181888,69607424,37979032,2173213
118337536,69607424,36767736,2173213
118337536,69607424,36794096,2173213
118468608,69607424,35593208,2181405
118624256,69607424,35013712,2181405
118628352,69607424,35045936,2181414
119148544,69607424,49958304,2181423
119226368,69607424,48235528,2181423
119226368,69607424,48262032,2181423
119324672,69607424,46744256,2181423
119472128,69607424,45510632,2181423
119472128,69607424,45534112,2181423
119709696,69607424,44277832,2181423
119861248,69607424,42992304,2181423
119857152,69607424,43019144,2181423
119926784,69607424,41776944,2181423
119951360,69607424,40543136,2181423
119955456,69607424,40575032,2181432
120201216,69607424,39424080,2181432
120401920,69607424,38191872,2181441
120406016,69607424,38218376,2181441
120545280,69607424,37011176,2181441
120553472,69607424,35840824,2181441
120549376,69607424,35867184,2181441
120696832,69607424,35154528,2181441
114462720,69607424,49984536,2189633
114462720,69607424,50011008,2189633
115015680,69607424,48341632,2189633
115171328,69607424,46773816,2189633
115171328,69607424,46800200,2189633
115380224,69607424,45540320,2189642
116834304,69607424,44314584,2189642
116834304,69607424,44346640,2189651
117006336,69607424,43064648,2189651
117186560,69869568,41900720,2189651
117186560,69869568,41920056,2189651
117350400,69869568,40695832,2189651
117571584,69869568,39474552,2189651
117571584,69869568,39476568,2189651
117731328,69869568,38299392,2189651
117878784,69869568,37121728,2189651
117878784,69869568,37124056,2189651
117891072,69869568,36155784,2189660
118124544,69869568,35292688,2189660
118124544,69869568,35294776,2189660
118214656,69869568,33534976,2189669
118358016,69869568,48465568,2189669
118358016,69869568,48467600,2189669
118370304,69869568,47420528,2197861
118480896,69869568,46221384,2197861
118480896,69869568,46223496,2197861
118575104,69869568,44995448,2197861
118743040,69869568,43796104,2197861
118743040,69869568,43798144,2197861
118906880,69869568,42642544,2197861
118988800,69869568,41474288,2197870
118988800,69869568,41476352,2197870
119050240,69869568,40291048,2197870
119259136,69869568,39251224,2197879
119259136,69869568,39253264,2197879
119373824,69869568,38041144,2197879
119377920,69869568,36842256,2197879
119377920,69869568,36844272,2197879
119382016,69869568,35746000,2197879
119439360,69869568,35163440,2197879
119439360,69869568,35165456,2197879
119537664,69869568,50093568,2197879
119627776,69869568,48524208,2197888
119627776,69869568,48526272,2197888
119848960,69869568,47478248,2197888
119865344,69869568,46285776,2206080
117665792,69869568,46312936,2206089
113557504,69869568,45148112,2206089
114208768,69869568,43952200,2206089
114208768,69869568,43954256,2206089
114610176,69869568,42797040,2206089
114774016,69869568,41602344,2206089
114774016,69869568,41604400,2206089
115032064,69869568,40444168,2206089
115281920,69869568,39244288,2206089
115281920,69869568,39259224,2206098
115445760,69869568,38203160,2206098
115511296,69869568,37114472,2206098
115515392,69869568,37140672,2206098
115666944,69869568,36267176,2206107
115752960,69869568,35506584,2206107
115761152,69869568,35532720,2206107
115912704,69869568,35219224,2206107
116060160,69869568,50125208,2206107
116060160,69869568,50148320,2206107
116211712,69869568,48579992,2206107
116359168,69869568,47511248,2206107
116359168,69869568,47540152,2206116
116400128,69869568,46414808,2214308
116547584,69869568,45277880,2214308
116543488,69869568,45301416,2214308
116559872,69869568,44139072,2214308
116768768,69869568,43069176,2214317
117088256,69869568,43101600,2214317
117178368,69869568,42052480,2214317
117477376,69869568,40985848,2214317
117481472,69869568,41012040,2214317
117645312,69869568,39961432,2214317
117784576,69869568,38819144,2214317
117784576,69869568,38842336,2214317
117944320,69869568,37794736,2214326
118136832,69869568,36805424,2214326
118136832,69869568,36828648,2214326
118366208,69869568,35874320,2214326
118435840,69869568,35314224,2214326
118435840,69869568,35346136,2214335
118603776,69869568,34498864,2214335
118620160,69869568,49567744,2214335
118624256,69869568,49594248,2214335
118980608,69869568,48366448,2222527
119001088,69869568,47036368,2222527
118996992,69869568,47062488,2222527
113639424,69869568,46018176,2222536
114335744,69869568,44946016,2222536
114335744,69869568,44972240,2222536
114532352,69869568,43925904,2222536
114708480,69869568,42856552,2222536
114708480,69869568,42879664,2222536
114921472,69869568,41858328,2222545
115085312,69869568,40851384,2222545
115089408,69869568,40877672,2222545
115302400,69869568,39807584,2222545
115429376,69869568,38861672,2222545
115429376,69869568,38887792,2222545
115585024,69869568,37893152,2222545
115748864,69869568,36939176,2222554
115748864,69869568,36965320,2222554
115838976,70131712,35910368,2222554
116137984,70131712,35467040,2222554
116137984,70131712,35493336,2222554
116277248,70131712,35207552,2222554
116539392,70131712,50213248,2222563
116539392,70131712,50239544,2230755
116756480,70131712,48677656,2230755
116920320,70131712,47880272,2230755
116916224,70131712,47906464,2230755
117071872,70131712,47002624,2230755
117219328,70131712,46034656,2230764
117223424,70131712,46057896,2230764
117460992,70131712,45090840,2230764
117538816,70131712,44206776,2230764
117542912,70131712,44232968,2230764
117698560,70131712,43345760,2230764
117944320,70131712,42377896,2230764
117948416,70131712,42406800,2230773
118046720,70131712,41594288,2230773
118202368,70131712,40662392,2230773
118202368,70131712,40688944,2230773
118411264,70131712,39766408,2230773
118517760,70131712,38905464,2230773
118513664,70131712,38934448,2230782
118587392,70131712,37938368,2230782
118616064,70131712,37154976,2230782
118611968,70131712,37181168,2230782
118779904,70131712,36633488,2230782
118935552,70131712,35929032,2238974
118956032,70131712,35952168,2238974
118800384,70131712,35518792,2238983
114597888,70131712,35252840,2238983
114597888,70131712,35279080,2238983
114761728,70131712,50324432,2238983
116273152,70131712,48965704,2238983
116277248,70131712,48997696,2238992
116436992,70131712,48183488,2238992
116596736,70131712,47139216,2238992
116592640,70131712,47141384,2238992
116756480,70131712,46277816,2238992
116928512,70131712,45310744,2238992
116928512,70131712,45312800,2238992
117178368,70131712,44527208,2238992
117346304,70131712,43743512,2239001
117346304,70131712,43745664,2239001
117526528,70131712,42961424,2239001
117690368,70131712,42099640,2239001
117690368,70131712,42101696,2239001
117858304,70131712,41132480,2239010
118022144,70131712,40350088,2239010
118022144,70131712,40352184,2239010
118185984,70131712,39566736,2247202
118353920,70131712,38704584,2247202
118353920,70131712,38706640,2247202
118521856,70131712,37737880,2247202
118771712,70131712,36954216,2247202
118771712,70131712,36962064,2247211
119009280,70131712,36170608,2247211
119189504,70131712,35667536,2247211
119189504,70131712,35669592,2247211
119209984,70131712,35472744,2247220
119463936,70131712,35417568,2247220
119463936,70131712,35419648,2247220
119726080,70131712,35420720,2247220
119894016,70131712,35423792,2247220
119894016,70131712,35425920,2247220
119959552,70131712,35425208,2247220
120799232,70393856,35445264,2247220
120795136,70393856,35447344,2247220
121102336,70393856,35454608,2247229
121102336,70393856,35454600,2247229
121102336,70393856,35456768,2247229
121368576,70393856,35457384,2247229
114855936,70393856,35459800,2255430
114855936,70393856,35461952,2255430
115576832,70393856,35462912,2255430
115806208,70393856,35465104,2255430
115806208,70393856,35467160,2255430
116006912,70393856,35466896,2255430
116293632,70393856,35469608,2255430
116293632,70393856,35471976,2255430
116445184,70393856,35468256,2255430
116609024,70393856,35449568,2255439
116609024,70393856,35475720,2255439
116785152,70393856,35473920,2255439
116940800,70393856,35454976,2255448
116944896,70393856,35481464,2255448
117026816,70393856,35479128,2255448
117186560,70393856,35460272,2255448
117379072,70393856,35487952,2255448
117534720,70393856,35484856,2255448
117698560,70393856,35465968,2255448
117698560,70393856,35492096,2255448
117874688,70393856,35491968,2255448
118046720,70393856,35390208,2255448
118042624,70393856,35422440,2255457
118210560,70393856,35496256,2263649
118259712,70393856,35475720,2263649
118259712,70393856,35507616,2263658
118476800,70393856,35501792,2263658
118652928,70393856,35481064,2263658
118657024,70393856,35504184,2263658
118812672,70393856,35506992,2263658
118845440,70393856,35485096,2263658
118841344,70393856,35511224,2263658
119001088,70393856,35511480,2263658
119214080,70393856,35489584,2263658
119361536,70393856,35517568,2263658
119582720,70393856,35523488,2263667
119750656,70393856,35498608,2263667
119750656,70393856,35530624,2263676
119910400,70393856,35525912,2263676
120147968,70393856,35505256,2263676
120147968,70393856,35531424,2263676
120397824,70393856,35548544,2263676
120422400,70393856,35509680,2263676
120422400,70393856,35536120,2263676
116088832,70393856,35535680,2263676
116629504,70393856,35513896,2271868
116629504,70393856,35540488,2271868
117334016,70393856,35540448,2271868
117506048,70393856,35535992,2271877
117510144,70393856,35562224,2271877
117686272,70393856,35563680,2271886
117850112,70393856,35542992,2271886
117846016,70393856,35569120,2271886
118128640,70393856,35563704,2271886
118394880,70393856,35549080,2271886
118394880,70393856,35572200,2271886
118620160,70393856,35551256,2271886
118800384,70393856,35553184,2271886
118800384,70393856,35576696,2271886
118964224,70393856,35555160,2271886
119128064,70393856,35557160,2271886
119128064,70393856,35586072,2271895
119287808,70393856,35581920,2271904
119455744,70393856,35579344,2271904
119455744,70393856,35605784,2271904
119656448,70393856,35565536,2271904
119848960,70393856,35584768,2271904
119853056,70393856,35611128,2280096
119889920,70393856,35570192,2280096
119889920,70393856,35605896,2280096
119898112,70393856,35632048,2280096
120053760,70393856,35574464,2280096
120127488,70393856,35593688,2280096
120123392,70393856,35619816,2280096
120143872,70393856,35601472,2280105
120221696,70393856,35597872,2280114
120221696,70393856,35621032,2280114
120418304,70393856,35602320,2280114
120487936,70393856,35604248,2280114
120487936,70393856,35627448,2280114
120643584,70393856,35622656,2280114
120664064,70393856,35591184,2280114
120659968,70393856,35617312,2280114
120893440,70393856,35593176,2280114
120987648,70393856,35628808,2280114
120987648,70393856,35655272,2280114
116666368,70393856,35597640,2280114
117121024,70393856,35633360,2280132
117121024,70393856,35659616,2280132
117338112,70393856,35604776,2280132
117563392,70393856,35673216,2288324
117563392,70393856,35699472,2288324
117739520,70393856,35626304,2288324
117968896,70393856,35661336,2288324
117972992,70393856,35687464,2288324
118145024,70393856,35680000,2288324
118317056,70393856,35632872,2288324
118317056,70393856,35659024,2288324
118501376,70393856,35651320,2288324
118652928,70393856,35692144,2288333
118652928,70393856,35700016,2288342
118738944,70393856,35722296,2288342
118902784,70393856,35676576,2288342
118902784,70393856,35678632,2288342
119173120,70393856,35662320,2288342
119336960,70393856,35648168,2288342
119336960,70393856,35650224,2288342
119504896,70393856,35699808,2288342
119521280,70393856,35702016,2288342
119521280,70393856,35704072,2288342
119627776,70393856,35671392,2288342
120008704,70393856,35706448,2288342
120008704,70393856,35714296,2288351
120029184,70393856,35714448,2296552
120344576,70393856,35713840,2296552
120344576,70393856,35715896,2296552
120373248,70393856,35684376,2296552
120381440,70393856,35686608,2296552
120381440,70393856,35688688,2296552
120393728,70393856,35713664,2296552
120406016,70393856,35746064,2296552
120406016,70393856,35748120,2296552
120610816,70393856,35750496,2296552
120864768,70393856,35766936,2296552
120864768,70393856,35774800,2296561
120999936,70393856,35755048,2296561
121233408,70393856,35708912,2296570
121233408,70393856,35711032,2296570
115400704,70393856,35742368,2296570
116105216,70393856,35760976,2296570
116105216,70393856,35763056,2296570
116310016,70393856,35749584,2296570
115830784,70393856,35754000,2296570
115830784,70393856,35756056,2296570
116674560,70393856,35769592,2296570
116867072,70393856,35842864,2304762
116867072,70393856,35844944,2304762
117022720,70393856,35782592,2304771
117223424,70393856,35824248,2304771
117223424,70393856,35832168,2304780
117313536,70393856,35795904,2304780
117403648,70393856,35826976,2304780
117403648,70393856,35829032,2304780
117592064,70393856,35857576,2304780
117760000,70393856,35853248,2304780
117760000,70393856,35862728,2304780
118071296,70393856,35936992,2304780
118743040,70393856,35919464,2304780
118747136,70393856,35945608,2304780
119050240,70393856,35951528,2304789
119271424,70393856,35923800,2304789
119267328,70393856,35949920,2304789
119431168,70393856,35957112,2304798
119685120,70393856,35929392,2304798
119685120,70393856,35955584,2304798
119848960,70393856,35956848,2304798
119861248,70393856,35934960,2304798
119865344,70393856,35958072,2304798
120107008,70393856,35961200,2312990
120135680,70393856,35939088,2312990
120131584,70393856,35962224,2312990
120328192,70393856,35965360,2312990
120496128,70393856,35943160,2312999
120500224,70393856,35966320,2312999
120672256,70393856,35968248,2312999
120750080,70393856,35948320,2313008
120745984,70393856,35974536,2313008
120926208,70393856,35975976,2313008
116748288,70393856,35953520,2313008
116744192,70393856,35976712,2313008
117395456,70393856,36064432,2313008
117637120,70393856,36059032,2313008
117641216,70393856,36085224,2313008
117796864,70393856,36068336,2313008
117989376,70393856,36052288,2313017
117993472,70393856,36075528,2313017
118173696,70393856,36089864,2313017
118333440,70393856,36051960,2313017
118329344,70393856,36078104,2313017
118493184,70393856,36095288,2313017
118636544,70393856,36078048,2313023
118624256,70393856,36104344,2321215
118788096,70393856,36105904,2321215
118886400,70393856,36084072,2321215
118886400,70393856,36110504,2321215
119054336,70393856,36107328,2321215
119222272,70393856,36105584,2321215
119226368,70393856,36128696,2321215
119386112,70393856,36111632,2321215
119558144,70393856,36099744,2321221
119566336,70393856,36125648,2321221
119656448,70393856,36094632,2321221
119746560,70393856,36115192,2321221
119742464,70393856,36138304,2321221
119898112,70393856,36100440,2321221
120168448,70393856,36119352,2321221
120168448,70393856,36145256,2321221
120254464,70393856,36121624,2321221
120262656,70393856,36106568,2321221
120262656,70393856,36129440,2321221
120426496,70393856,36108992,2321221
120426496,70393856,36110672,2321221
120430592,70393856,36136840,2321221
120586240,70393856,36112920,2321221
120856576,70393856,36148504,2321221
120819712,70393856,36174720,2321221
120868864,70393856,36117696,2321221
121008128,70393856,36119528,2321221
121008128,70393856,36142640,2321221
117100544,70393856,36154904,2321221
117739520,70393856,36123400,2321221
117735424,70393856,36146272,2321221
118906880,70393856,36136344,2321221
119123968,70393856,36138048,2321221
119123968,70393856,36163928,2321221
119300096,70393856,36163152,2321221
119541760,70393856,36148120,2329413
119541760,70393856,36174264,2329413
119738368,70393856,36183816,2329413
119902208,70393856,36185976,2329413
119898112,70393856,36208848,2329413
120078336,70393856,36188200,2329413
120832000,70393856,36171368,2329413
120836096,70393856,36197560,2329413
121069568,70393856,36173824,2329413
121249792,70393856,36209336,2329413
121245696,70393856,36232472,2329413
121417728,70393856,36211600,2329413
121597952,70393856,36213520,2329413
121593856,70393856,36239400,2329413
121688064,70393856,36231968,2329413
121864192,70393856,36233888,2329413
121868288,70393856,36256760,2329413
122048512,70393856,36203488,2329413
122241024,70393856,36205184,2329413
122241024,70393856,36231136,2329413
122335232,70393856,36207680,2329413
122421248,70393856,36209672,2329413
122421248,70393856,36211728,2329413
122429440,70393856,36212120,2329413
122445824,70393856,36246984,2329413
122445824,70393856,36249064,2329413
122445824,70393856,36265680,2329413
122449920,70393856,36251192,2329413
122449920,70393856,36253248,2329413
122466304,70393856,36220408,2329413
122642432,70393856,36222088,2329413
122642432,70393856,36224240,2329413
117403648,70393856,36224112,2329413
118063104,70393856,36226344,2329413
118063104,70393856,36228472,2329413
118226944,70393856,36277848,2329413
118386688,70393856,36230856,2329413
118386688,70393856,36232912,2329413
118673408,70393856,36282336,2337605
118841344,70393856,36292952,2337605
118841344,70393856,36295032,2337605
119017472,70393856,36262416,2337605
119107584,70393856,36264344,2337605
119107584,70393856,36266400,2337605
119296000,70393856,36282304,2337605
119468032,70393856,36281992,2337605
119468032,70393856,36284048,2337605
119635968,70393856,36270848,2337605
119808000,70393856,36272432,2337605
119808000,70393856,36274512,2337605
119975936,70393856,36287992,2337605
120070144,70393856,36326520,2337605
120070144,70393856,36328600,2337605
120250368,70393856,36275512,2337605
120348672,70393856,36278216,2337605
120348672,70393856,36280296,2337605
120463360,70393856,36279984,2337605
120659968,70393856,36334248,2337605
120659968,70393856,36336328,2337605
120741888,70393856,36336016,2337605
120741888,70393856,36302824,2337605
120741888,70393856,36304904,2337605
120778752,70393856,36340224,2337605
120795136,70393856,36309560,2337605
120795136,70393856,36311616,2337605
120795136,70393856,36311568,2337605
120799232,70393856,36307104,2337605
120799232,70393856,36313552,2337605
120897536,70393856,36348504,2337605
120987648,70393856,36326976,2337605
120991744,70393856,36353128,2337605
119492608,70393856,36353032,2337605
119889920,70393856,36298280,2337605
119873536,70393856,36324432,2337605
120045568,70393856,36357256,2337605
120209408,70393856,36335624,2337605
120213504,70393856,36361992,2337605
120287232,70393856,36369888,2345797
120377344,70393856,36340040,2345797
120381440,70393856,36366168,2345797
120508416,70393856,36349736,2345797
120512512,70393856,36344272,2345797
120512512,70393856,36370424,2345797
120602624,70393856,36350912,2345797
120705024,70393856,36348688,2345797
120709120,70393856,36375056,2345797
120795136,70393856,36371576,2345797
120881152,70393856,36352856,2345797
120881152,70393856,36378984,2345797
121077760,70393856,36342920,2345797
121131008,70393856,36340464,2345797
121139200,70393856,36366592,2345797
121323520,70393856,36349856,2345797
121430016,70393856,36344624,2345797
121434112,70393856,36371016,2345797
121528320,70393856,36386952,2345797
121532416,70393856,36365520,2345797
121532416,70393856,36388952,2345797
121507840,70393856,36355408,2345797
121520128,70393856,36336904,2345797
121520128,70393856,36360264,2345797
121528320,70393856,36403536,2345797
121700352,70393856,36381896,2345797
121704448,70393856,36408056,2345797
121880576,70393856,36399696,2345797
121917440,70393856,36344928,2345797
121917440,70393856,36368360,2345797
122195968,70393856,36415584,2345797
117415936,70393856,36365592,2345797
117420032,70393856,36392056,2345797
118046720,70393856,36420504,2345797
118259712,70393856,36401568,2345797
118263808,70393856,36427840,2345797
118521856,70393856,36403304,2345797
118657024,70393856,36373792,2345797
118652928,70393856,36397064,2353989
118829056,70393856,36400488,2353989
119005184,70393856,36410944,2353989
119009280,70393856,36437200,2353989
119435264,70393856,36380936,2353989
119607296,70393856,36416992,2353989
119607296,70393856,36443488,2353989
119779328,70393856,36419296,2353989
119955456,70393856,36422120,2353989
119959552,70393856,36445696,2353989
120131584,70393856,36389304,2353989
120311808,70393856,36391224,2353989
120311808,70393856,36417424,2353989
120487936,70393856,36422352,2353989
120496128,70393856,36420472,2353989
120496128,70393856,36446704,2353989
120590336,70393856,36397568,2353989
120860672,70393856,36416480,2353989
120864768,70393856,36442640,2353989
120954880,70393856,36418448,2353989
120995840,70393856,36441936,2353989
120995840,70393856,36468208,2353989
121126912,70393856,36435208,2353989
121307136,70393856,36424984,2353989
121307136,70393856,36451472,2353989
121470976,70393856,36426688,2353989
121643008,70393856,36429096,2353989
121638912,70393856,36455440,2353989
121651200,70393856,36431144,2353989
121921536,70393856,36433312,2353989
121921536,70393856,36456768,2353989
117735424,70393856,36459600,2353989
118358016,70393856,36542608,2353989
118358016,70393856,36568808,2353989
118620160,70393856,36635464,2353989
118796288,70393856,36637728,2353989
118800384,70393856,36663856,2353989
119017472,70393856,36639952,2353989
119218176,70393856,36642120,2353989
119218176,70393856,36668664,2362181
119406592,70393856,36644184,2362181
119578624,70393856,36646656,2362181
119578624,70393856,36666032,2362181
119771136,70393856,36670184,2362181
119885824,70393856,36672664,2362181
119885824,70393856,36674720,2362181
120066048,70393856,36674368,2362181
120258560,70393856,36693768,2362181
120258560,70393856,36695824,2362181
120438784,70393856,36678472,2362181
120610816,70393856,36680680,2362181
120610816,70393856,36682760,2362181
120696832,70393856,36683064,2362181
120823808,70393856,36685232,2362181
120823808,70393856,36687312,2362181
120827904,70393856,36687032,2362181
120922112,70393856,36689200,2362181
120922112,70393856,36691280,2362181
121028608,70393856,36708544,2362181
120426496,70393856,36771216,2362181
120426496,70393856,36773272,2362181
121073664,70393856,36795192,2362181
121339904,70393856,36817096,2362181
121339904,70393856,36819152,2362181
121430016,70393856,36802128,2362181
121716736,70393856,36817480,2362181
121716736,70393856,36819536,2362181
121970688,70393856,36819680,2362181
117977088,70393856,36804944,2362181
117977088,70393856,36807000,2362181
118501376,70393856,36824128,2362181
118743040,70393856,36825000,2362181
118743040,70393856,36827080,2362181
119066624,70393856,36830656,2362181
119255040,70393856,36832328,2362181
119255040,70393856,36834384,2362181
119447552,70393856,36831536,2362181
119541760,70393856,36836704,2370373
119541760,70393856,36838784,2370373
119750656,70393856,36835968,2370373
119934976,70393856,36960384,2370373
119934976,70393856,36962440,2370373
120143872,70393856,36962776,2370373
120344576,70393856,36964712,2370373
120381440,70393856,37141512,2404405
120602624,70393856,37145408,2403175
120909824,70393856,37146912,2403175
120909824,70393856,37151872,2403175
120913920,70393856,37147864,2403175
121245696,70393856,37129080,2403175
121233408,70393856,37135712,2403175
121421824,70393856,37139136,2403175
121626624,70393856,37116832,2403175
121622528,70393856,37142736,2403175
121643008,70393856,37143168,2403175
121835520,70393856,37121056,2403175
121831424,70393856,37143928,2403175
122019840,70393856,37159424,2403193
122216448,70393856,37125064,2403193
122220544,70393856,37147976,2403193
122343424,70393856,37171296,2403193
122363904,70393856,37132152,2403193
122368000,70393856,37158072,2403193
122404864,70393856,37158600,2411385
120807424,70393856,37153152,2411385
120807424,70393856,37179072,2411385
121135104,70393856,37179960,2411385
121196544,70393856,37173808,2411385
121192448,70393856,37199704,2411385
121274368,70393856,37184432,2411385
121278464,70393856,37173536,2411403
121282560,70393856,37199440,2411403
121286656,70393856,37168432,2411403
121507840,70393856,37168736,2411403
121507840,70393856,37194616,2411403
121606144,70393856,37192184,2411403
121704448,70393856,37155616,2411403
121704448,70393856,37181568,2411403
121921536,70393856,37199080,2411403
122019840,70393856,37177016,2411403
122019840,70393856,37202920,2411403
117706752,70918144,27990480,2025208
118452224,70918144,43896344,2025208
118456320,70918144,43934328,2025226
113860608,70918144,43642664,2025226
114671616,70918144,43399512,2033418
114671616,70918144,43425512,2033418
114835456,70918144,43299616,2033418
114905088,70918144,43277080,2033418
114909184,70918144,43303392,2033418
114962432,70918144,43303976,2033418
115068928,70918144,43148432,2033418
115068928,70918144,43174432,2033418
115318784,70918144,43040712,2033418
115449856,70918144,43025696,2033418
115453952,70918144,43051720,2033418
115699712,70918144,43039680,2033436
115970048,70918144,43030160,2033436
115965952,70918144,43056160,2033436
116158464,70918144,43035184,2033436
110710784,70918144,43037232,2033436
110706688,70918144,43063216,2033436
111685632,70918144,43039584,2033436
111869952,70918144,43041624,2033436
111865856,70918144,43067608,2033436
112041984,70918144,43044000,2033436
112349184,70918144,43046072,2033436
112353280,70918144,43069048,2033436
112533504,70918144,43048688,2041628
112709632,70918144,43062184,2041646
112709632,70918144,43085184,2041646
113008640,70918144,43053328,2041646
113217536,70918144,43057624,2041646
113213440,70918144,43083504,2041646
113496064,70918144,43060152,2041646
113729536,70918144,43062192,2041646
113729536,70918144,43088200,2041646
113913856,70918144,43064832,2041646
114216960,70918144,43068792,2041646
114216960,70918144,43094776,2041646
114413568,70918144,43071352,2041646
114606080,70918144,43073392,2041646
114601984,70918144,43110960,2041664
114806784,70918144,43076008,2041664
114827264,70918144,43080552,2041664
114823168,70918144,43106560,2041664
115146752,70918144,43083152,2041664
115359744,70918144,43085192,2041664
115355648,70918144,43111488,2041664
115552256,70918144,43182424,2041664
115810304,70918144,43184648,2049856
115810304,70918144,43207984,2049856
115945472,70918144,43187176,2049856
116113408,70918144,43189096,2049856
116109312,70918144,43215080,2049856
116375552,70918144,43203344,2049874
111738880,70918144,43360640,2049874
111738880,70918144,43386952,2049874
112664576,70918144,43460600,2049874
112836608,70918144,43462784,2049874
112836608,70918144,43464840,2049874
113016832,70918144,43465152,2049874
113197056,70918144,43467008,2049874
113197056,70918144,43469064,2049874
113381376,70918144,43469440,2049874
113561600,70918144,43471528,2049874
113561600,70918144,43473584,2049874
113811456,70918144,43474152,2049874
114003968,70918144,43504784,2049892
114003968,70918144,43506864,2049892
114196480,70918144,43478984,2049892
114290688,70918144,43500288,2049892
114290688,70918144,43502344,2049892
114479104,70918144,43502920,2058084
114667520,70918144,43504800,2058084
114667520,70918144,43506856,2058084
114860032,70918144,43490408,2058084
115236864,70918144,43530200,2058084
115236864,70918144,43532280,2058084
115433472,70918144,43517856,2058084
115449856,70918144,43537704,2058084
115449856,70918144,43551368,2058102
115466240,70918144,43536432,2058102
115527680,70918144,43528032,2058102
115527680,70918144,43530088,2058102
115572736,70918144,43562832,2058102
115675136,70918144,43532480,2058102
115675136,70918144,43534536,2058102
115961856,70918144,43534416,2058102
115961856,70918144,43537184,2058102
115961856,70918144,43539208,2058102
111849472,70918144,43538912,2058102
112676864,70918144,43541984,2058102
112676864,70918144,43544112,2058102
112918528,70918144,43552328,2058120
113172480,70918144,43543392,2066312
113172480,70918144,43545512,2066312
113373184,70918144,43547504,2066312
113561600,70918144,43553240,2066312
113561600,70918144,43555296,2066312
113745920,70918144,43554664,2066312
114540544,70918144,43565208,2066312
114540544,70918144,43567576,2066312
114724864,70918144,43567320,2066312
114999296,70918144,43562552,2066312
114982912,70918144,43572384,2066312
115159040,70918144,43571528,2066312
115351552,70918144,43562024,2066330
115355648,70918144,43588592,2066330
115556352,70918144,43576576,2066330
115752960,70918144,43557584,2066330
115748864,70918144,43584056,2066330
115945472,70918144,43617080,2066330
115974144,70918144,43595728,2066330
115974144,70918144,43619216,2066330
115990528,70918144,43588568,2066330
116056064,70918144,43599992,2066330
116056064,70918144,43626384,2066330
116068352,70918144,43626040,2074522
117149696,70918144,43619776,2074522
117145600,70918144,43657744,2074540
117157888,70918144,43645856,2074540
117231616,70918144,43627080,2074540
117235712,70918144,43650408,2074540
117329920,70918144,43650392,2074540
113086464,70918144,43631328,2074540
113090560,70918144,43657664,2074540
113537024,70918144,43624072,2074540
113696768,70918144,43635880,2074540
113688576,70918144,43662136,2074540
113790976,70918144,43659056,2074540
113950720,70918144,43640712,2074540
113950720,70918144,43667048,2074540
114049024,70918144,43678104,2074558
114245632,70918144,43645200,2074558
114249728,70918144,43671448,2074558
114356224,70918144,43673704,2074558
114515968,70918144,43652352,2074558
114515968,70918144,43675704,2074558
114536448,70918144,43678480,2074558
114728960,70918144,43656896,2082750
114728960,70918144,43683280,2082750
114950144,70918144,43683112,2082750
115167232,70918144,43661776,2082750
115167232,70918144,43688112,2082750
115269632,70918144,43693616,2082759
115470336,70918144,43688752,2082768
115470336,70918144,43715368,2082768
115572736,70918144,43703144,2082768
115720192,70918144,43690232,2082768
115720192,70918144,43713560,2082768
115732480,70918144,43692392,2082768
115834880,70918144,43694672,2082768
115830784,70918144,43721048,2082768
116006912,70918144,43696584,2082768
114188288,70918144,43699184,2082768
114188288,70918144,43725544,2082768
114462720,70918144,43701320,2082768
114565120,70918144,43703912,2082777
114565120,70918144,43736088,2082786
108843008,70918144,43707408,2082786
109854720,70918144,43711208,2082786
109858816,70918144,43737440,2082786
110047232,70918144,43713296,2090978
110235648,70918144,43715928,2090978
110231552,70918144,43739240,2090978
110419968,70918144,43718032,2090978
111071232,70918144,43723200,2090978
111075328,70918144,43749624,2090978
111366144,70918144,43726864,2090978
111489024,70918144,43735264,2090987
111489024,70918144,43761648,2090987
111837184,70918144,43737400,2090996
112046080,70918144,43735144,2090996
112041984,70918144,43761496,2090996
112259072,70918144,43738632,2090996
112525312,70918144,43741216,2090996
112521216,70918144,43767536,2090996
112730112,70918144,43743344,2090996
112930816,70918144,43745944,2090996
112922624,70918144,43772200,2090996
113123328,70918144,43748032,2090996
113324032,70918144,43767072,2090996
113332224,70918144,43796296,2091005
113590272,70918144,43964584,2091005
113844224,70918144,43974000,2099206
113840128,70918144,44000696,2099206
114524160,70918144,43983112,2099206
114597888,70918144,43987064,2099206
114597888,70918144,44013424,2099206
114692096,70918144,43989264,2099206
114827264,70918144,43991816,2099206
114827264,70918144,44018176,2099206
115027968,70918144,44060328,2099206
108498944,70918144,44062848,2099206
108503040,70918144,44070640,2099215
110428160,70918144,44073952,2099215
110632960,70918144,44077552,2099215
110632960,70918144,44085376,2099224
110825472,70918144,44175720,2099224
111013888,70918144,44279208,2099224
110993408,70918144,44281128,2099224
111177728,70918144,44281304,2099224
111390720,70918144,44283816,2099224
111390720,70918144,44285736,2099224
111587328,70918144,44285696,2099224
111812608,70918144,44288280,2099224
111812608,70918144,44290224,2099224
112013312,70918144,44296392,2107425
112128000,70918144,44307296,2107425
112128000,70918144,44309232,2107425
112332800,70918144,44325240,2107434
112541696,70918144,44335368,2107434
112541696,70918144,44337304,2107434
112750592,70918144,44338632,2107434
113115136,70918144,44352952,2107434
113115136,70918144,44354872,2107434
113319936,70918144,44367024,2107434
113528832,70918144,44368352,2107434
113528832,70918144,44370272,2107434
113856512,70918144,44371376,2107434
114065408,70918144,44378704,2107443
114065408,70918144,44380648,2107443
114405376,70918144,44376088,2107443
114577408,70918144,44384640,2107452
114577408,70918144,44386584,2107452
114774016,70918144,44382232,2107452
109617152,70918144,44384920,2107452
109617152,70918144,44386936,2107452
110485504,70918144,44387680,2107452
110755840,70918144,44389424,2115644
110755840,70918144,44391368,2115644
111243264,70918144,44393976,2115644
111431680,70918144,44556704,2115644
111431680,70918144,44564416,2115653
111636480,70918144,44559816,2115653
111824896,70918144,44559752,2115653
111824896,70918144,44567464,2115662
111923200,70918144,44565472,2115662
112312320,70918144,44563704,2115662
112300032,70918144,44572528,2115662
112500736,70918144,44573512,2115662
112644096,70918144,44551520,2115662
112640000,70918144,44576896,2115662
112799744,70918144,44575112,2115662
113000448,70918144,44555912,2115662
113004544,70918144,44581704,2115662
113111040,70918144,44587984,2115671
113217536,70918144,44560328,2115671
113217536,70918144,44583312,2115671
113238016,70918144,44593568,2115680
113246208,70918144,44565648,2115680
113246208,70918144,44591144,2115680
113258496,70918144,44593360,2123872
113258496,70918144,44571432,2123872
113254400,70918144,44594368,2123872
113258496,70918144,44597664,2123872
113557504,70918144,44575368,2123872
113557504,70918144,44601056,2123872
113823744,70918144,44601512,2123872
111329280,70918144,44585360,2123881
111325184,70918144,44610760,2123881
111837184,70918144,44707680,2123881
112209920,70918144,44697552,2123890
112209920,70918144,44722952,2123890
112218112,70918144,44616912,2123890
112320512,70918144,44595808,2123890
112324608,70918144,44618488,2123890
112594944,70918144,44622544,2123890
112734208,70918144,44600240,2123890
112730112,70918144,44625616,2123890
112930816,70918144,44626304,2123890
113139712,70918144,44604800,2123890
113115136,70918144,44636304,2123899
113209344,70918144,44631024,2123899
113319936,70918144,44610352,2132091
113303552,70918144,44641984,2132100
113524736,70918144,44636736,2132100
113627136,70918144,44616048,2132100
113623040,70918144,44641424,2132100
113876992,70918144,44642552,2132100
114151424,70918144,44620512,2132100
114155520,70918144,44643064,2132100
114364416,70918144,44639856,2132100
114548736,70918144,44624520,2132100
114552832,70918144,44650232,2132100
114749440,70918144,44633072,2132109
114774016,70918144,44629416,2132109
114774016,70918144,44651984,2132109
114888704,70918144,44638648,2132118
115003392,70918144,44634632,2132118
115007488,70918144,44660264,2132118
115286016,70918144,44638128,2132118
109875200,70918144,44640312,2132118
109846528,70918144,44666032,2132118
110821376,70918144,44642632,2132118
111030272,70918144,44747432,2132118
111026176,70918144,44773048,2132118
111222784,70918144,44647056,2140310
111427584,70918144,44757848,2140319
111423488,70918144,44783488,2140319
111673344,70918144,44651600,2140319
111874048,70918144,44763672,2140328
111874048,70918144,44786592,2140328
112046080,70918144,44657376,2140328
112136192,70918144,44763432,2140328
112136192,70918144,44789120,2140328
112263168,70918144,44662848,2140328
112590848,70918144,44665088,2140328
112812032,70918144,44692128,2140328
113016832,70918144,44771824,2140328
113217536,70918144,44773792,2140328
113221632,70918144,44805376,2140337
113487872,70918144,44673032,2140337
113504256,70918144,44779416,2140337
113504256,70918144,44808000,2140346
113582080,70918144,44678256,2140346
113655808,70918144,44784808,2140346
113659904,70918144,44810424,2140346
113659904,70918144,44683736,2140346
113852416,70918144,44789256,2148538
113852416,70918144,44815000,2148538
113856512,70918144,44791416,2148538
113872896,70918144,44793688,2148538
113868800,70918144,44819720,2148538
114163712,70918144,44801584,2148547
108576768,70918144,44694648,2148547
108572672,70918144,44720280,2148547
109645824,70918144,44703912,2148556
109932544,70918144,44700304,2148556
109932544,70918144,44702240,2148556
110149632,70918144,44807456,2148556
110497792,70918144,44810408,2148556
110497792,70918144,44812328,2148556
110718976,70918144,44812656,2148556
110919680,70918144,44814688,2148556
110919680,70918144,44816608,2148556
111132672,70918144,44816936,2148556
111263744,70918144,44824704,2148565
111263744,70918144,44826648,2148565
111468544,70918144,44821280,2148565
111591424,70918144,44847520,2148574
111591424,70918144,44849464,2148574
111841280,70918144,44827024,2156766
112119808,70918144,44833208,2156766
112119808,70918144,44835048,2156766
112484352,70918144,44875896,2156766
112541696,70918144,44877544,2156766
112541696,70918144,44879696,2156766
112820224,70918144,44862568,2156766
113049600,70918144,44881984,2156766
113049600,70918144,44889928,2156775
113250304,70918144,44866960,2156775
113553408,70918144,44870528,2156775
113553408,70918144,44878160,2156784
113659904,70918144,44872872,2156784
113881088,70918144,44893656,2156784
113881088,70918144,44895568,2156784
110321664,70918144,44878616,2156784
111226880,70918144,44883656,2156784
111226880,70918144,44885496,2156784
111431680,70918144,44902640,2156784
111628288,70918144,44888008,2156784
111628288,70918144,44889848,2156784
111824896,70918144,44910584,2156793
112144384,70918144,44906688,2164985
112144384,70918144,44908568,2164985
112402432,70918144,44901784,2164994
112664576,70918144,44898376,2164994
112664576,70918144,44900256,2164994
112791552,70918144,44898584,2164994
112918528,70918144,44900880,2164994
112918528,70918144,44902720,2164994
113221632,70918144,44902952,2164994
113430528,70918144,44918088,2164994
113426432,70918144,44926584,2164994
113655808,70918144,44907008,2164994
113766400,70918144,44894208,2165003
113766400,70918144,44916888,2165003
113799168,70918144,44931160,2165003
113872896,70918144,44899512,2165012
113876992,70918144,44922192,2165012
113881088,70918144,44919688,2165012
113881088,70918144,44916264,2165012
113885184,70918144,44939224,2165012
113885184,70918144,44925272,2165012
113999872,70918144,44920688,2165012
113995776,70918144,44946168,2165012
114102272,70918144,44929592,2173204
108675072,70918144,44908280,2173204
108675072,70918144,44936728,2173213
109539328,70918144,44964776,2173213
109830144,70918144,44963640,2173213
109834240,70918144,44995032,2173222
110039040,70918144,44989456,2173222
110264320,70918144,44969240,2173222
110260224,70918144,44994768,2173222
110682112,70918144,44945288,2173222
110952448,70918144,44923904,2173222
110948352,70918144,44949800,2173222
111181824,70918144,44949704,2173222
111300608,70918144,44928336,2173222
111296512,70918144,44953816,2173222
111403008,70918144,44960344,2173231
111509504,70918144,45088736,2173231
111525888,70918144,45111824,2173231
111742976,70918144,45227504,2173240
112066560,70918144,45250136,2173240
112066560,70918144,45276264,2173240
112181248,70918144,45227152,2173240
112582656,70918144,45207864,2181432
112582656,70918144,45233496,2181432
113065984,70918144,45231256,2181432
113336320,70918144,45262480,2181432
113336320,70918144,45288232,2181432
113614848,70918144,45238400,2181432
113852416,70918144,45272712,2181441
113848320,70918144,45298216,2181441
114057216,70918144,45242976,2181441
114286592,70918144,45228600,2181450
114286592,70918144,45254128,2181450
109084672,70918144,45225208,2181450
109948928,70918144,45228656,2181450
109948928,70918144,45251936,2181450
110223360,70918144,45230648,2181450
110489600,70918144,45232928,2181450
110489600,70918144,45258408,2181450
110694400,70918144,45234928,2181450
110915584,70918144,45237160,2181450
110919680,70918144,45268432,2181459
111124480,70918144,45239424,2181459
111235072,70918144,45292720,2181459
111230976,70918144,45324008,2181468
111357952,70918144,45294944,2189660
111579136,70918144,45298456,2189660
111579136,70918144,45321112,2189660
111882240,70918144,45512656,2189660
112140288,70918144,45514608,2189660
112144384,70918144,45540216,2189660
112394240,70918144,45516912,2189660
112652288,70918144,45519056,2189660
112652288,70918144,45544536,2189660
112873472,70918144,45526984,2189669
113147904,70918144,45523328,2189669
113147904,70918144,45546000,2189669
113479680,70918144,45532384,2189678
113709056,70918144,45528528,2189678
113704960,70918144,45554024,2189678
113934336,70918144,45531952,2189678
115437568,70918144,45552384,2189678
115441664,70918144,45577864,2189678
115671040,70918144,45554568,2189678
108638208,70918144,45556760,2189678
108638208,70918144,45582344,2189678
109580288,70918144,45558720,2189678
104165376,70918144,45566624,2197879
104169472,70918144,45589304,2197879
104448000,70918144,45562864,2197879
104734720,70918144,45571832,2197888
104734720,70918144,45597464,2197888
105054208,70918144,45568360,2197888
105336832,70918144,45571696,2197888
105340928,70918144,45597488,2197888
105603072,70918144,45573648,2197888
105885696,70918144,45575928,2197888
105885696,70918144,45594752,2197888
106049536,70918144,45578080,2197888
106340352,70918144,45580192,2197888
106340352,70918144,45587848,2197897
106696704,70918144,45582432,2197897
106962944,70918144,45585576,2197897
106962944,70918144,45593232,2197906
107180032,70918144,45605080,2197906
107630592,70918144,45609320,2197906
107630592,70918144,45611160,2197906
107909120,70918144,45611440,2197906
108216320,70918144,45613392,2197906
108216320,70918144,45615232,2197906
108421120,70918144,45615528,2206098
108756992,70918144,45617512,2206098
108756992,70918144,45619352,2206098
108863488,70918144,45633632,2206107
109158400,70918144,45647056,2206107
109158400,70918144,45648936,2206107
104640512,70918144,45655320,2206116
105484288,70918144,45651776,2206116
105484288,70918144,45653632,2206116
105857024,70918144,45652344,2206116
106184704,70918144,45654560,2206116
106184704,70918144,45656400,2206116
106446848,70918144,45659256,2206116
106713088,70918144,45661112,2206116
106713088,70918144,45662952,2206116
106901504,70918144,45663608,2206116
106905600,70918144,45671016,2206125
106905600,70918144,45672880,2206125
107225088,70918144,45667592,2206125
107507712,70918144,45676792,2206134
107507712,70918144,45678656,2206134
107741184,70918144,45673152,2206134
108048384,70918144,45676640,2214326
108048384,70918144,45678504,2214326
108343296,70918144,45679080,2214326
108453888,70918144,45680888,2214326
108453888,70918144,45682752,2214326
108744704,70918144,45680440,2214326
108920832,70918144,45682576,2214326
108920832,70918144,45690208,2214335
109072384,70918144,45687336,2214335
109211648,70918144,45690448,2214335
109215744,70918144,45698080,2214344
109330432,70918144,45692640,2214344
109412352,70918144,45672392,2214344
109391872,70918144,45697864,2214344
109584384,70918144,45695608,2214344
108335104,70918144,45676440,2214344
108331008,70918144,45699088,2214344
108650496,70918144,45699264,2214344
108654592,70918144,45680368,2214344
108658688,70918144,45703016,2214344
108773376,70918144,45709040,2214353
108883968,70918144,45684280,2214353
108883968,70918144,45710080,2214353
108888064,70918144,45716856,2222554
108900352,70918144,45689760,2222554
108904448,70918144,45715248,2222554
109031424,70918144,45716816,2222554
109064192,70918144,45695280,2222554
109068288,70918144,45720752,2222554
109592576,70918144,45726760,2222554
111083520,70918144,45762176,2222554
111083520,70918144,45787648,2222554
111112192,70918144,45788056,2222554
111116288,70918144,45772312,2222563
111112192,70918144,45797808,2222563
111140864,70918144,45792584,2222563
111271936,70918144,45777640,2222572
111267840,70918144,45803160,2222572
111550464,70918144,45797800,2222572
111779840,70918144,30288280,2222572
111779840,70918144,30313880,2222572
112103424,70918144,31665896,2222572
112336896,70918144,32709320,2222572
112340992,70918144,32731992,2222572
112709632,70918144,33503712,2222572
105680896,70918144,34267456,2230764
105689088,70918144,34298744,2230773
106479616,70918144,35079104,2230773
106815488,70918144,35844440,2230773
106815488,70918144,35875728,2230782
107102208,70918144,36655928,2230782
107372544,70918144,37421264,2230782
107372544,70918144,37446864,2230782
107659264,70918144,38232792,2230782
108011520,70918144,38996888,2230782
108011520,70918144,39022384,2230782
108339200,70918144,39801816,2230782
108638208,70918144,40572536,2230782
108642304,70918144,40598080,2230782
109723648,70918144,41373616,2230791
109834240,70918144,42155656,2230791
109830144,70918144,42178736,2230791
110116864,70918144,42950568,2230800
110256128,70918144,43363408,2230800
110252032,70918144,43388920,2230800
110403584,70918144,44414392,2230800
110743552,70918144,45202112,2230800
110743552,70918144,45227688,2230800
110882816,70918144,45727832,2238992
111071232,70918144,45836904,2238992
111067136,70918144,45862448,2238992
111239168,70918144,45839080,2238992
111583232,70918144,45847088,2239001
111587328,70918144,45872712,2239001
111607808,70918144,30389656,2239001
106258432,70918144,31714848,2239010
106254336,70918144,31740368,2239010
107085824,70918144,32914288,2239010
107302912,70918144,33703056,2239010
107307008,70918144,33728528,2239010
107614208,70918144,34490848,2239010
107847680,70918144,35385720,2239010
107843584,70918144,35411216,2239010
108138496,70918144,36328384,2239010
108597248,70918144,37115888,2239010
108601344,70918144,37144400,2239019
108949504,70918144,37903512,2239019
109318144,70918144,38799544,2239019
109318144,70918144,38830912,2239028
109596672,70918144,39604368,2239028
109846528,70918144,40531072,2247220
109850624,70918144,40556592,2247220
110088192,70918144,41318960,2247220
110211072,70918144,42213848,2247220
110211072,70918144,42239320,2247220
110346240,70918144,43035056,2247220
110514176,70918144,44205992,2247220
110518272,70918144,44231464,2247220
110739456,70918144,45106760,2247229
110792704,70918144,45781496,2247229
110788608,70918144,45804576,2247229
111026176,70918144,30445320,2247238
111095808,70918144,31756352,2247238
111095808,70918144,31758208,2247238
111218688,70918144,32962672,2247238
105881600,70918144,33857088,2247238
104714240,70918144,33858952,2247238
105635840,70918144,34799544,2247238
105943040,70918144,35711480,2247238
105943040,70918144,35713320,2247238
106258432,70918144,36744136,2247238
106590208,70918144,37692112,2247247
106590208,70918144,37693976,2247247
106729472,70918144,38581072,2255439
107073536,70918144,39530360,2255448
107073536,70918144,39532224,2255448
107294720,70918144,40444496,2255448
107651072,70918144,41387960,2255448
107651072,70918144,41389824,2255448
107839488,70918144,42434176,2255448
108089344,70918144,43486888,2255448
108089344,70918144,43488728,2255448
108449792,70918144,44643336,2255448
108785664,70918144,45586136,2255448
108785664,70918144,45593768,2255457
108875776,70918144,30535968,2255457
109178880,70918144,31974576,2255457
109178880,70918144,31982208,2255466
109355008,70918144,33027800,2255466
109666304,70918144,34078152,2255466
109658112,70918144,34080016,2255466
109879296,70918144,35127848,2255466
110157824,70918144,36177488,2255466
110153728,70918144,36179352,2255466
110276608,70918144,37227184,2255466
111009792,70918144,38276944,2263658
111009792,70918144,38278832,2263658
111022080,70918144,39332408,2263667
111030272,70918144,40255136,2263667
111030272,70918144,40256992,2263667
111239168,70918144,41279344,2263676
111284224,70918144,42214376,2263676
111284224,70918144,42216232,2263676
111300608,70918144,43262720,2263676
111316992,70918144,44576904,2263676
111316992,70918144,44578744,2263676
111333376,70918144,45471376,2263676
111353856,70918144,45883952,2263676
111337472,70918144,45892104,2263676
111341568,70918144,30705816,2263676
111382528,70918144,32109312,2263685
111386624,70918144,32133632,2263685
111407104,70918144,33176184,2263685
111513600,70918144,34102928,2263694
111517696,70918144,34127144,2263694
111538176,70918144,35169200,2263694
111558656,70918144,36076496,2263694
111562752,70918144,36100808,2263694
111640576,70918144,37112584,2271886
111669248,70918144,38035112,2271886
111669248,70918144,38056792,2271886
111734784,70918144,39106904,2271886
111964160,70918144,40012864,2271886
111968256,70918144,40040472,2271895
112304128,70918144,41051464,2271895
106950656,70918144,42096752,2271895
106950656,70918144,42126760,2271904
107569152,70918144,43166104,2271904
107814912,70918144,44704096,2271904
107819008,70918144,44725752,2271904
108003328,70918144,45773472,2271904
108195840,70918144,31511496,2271904
108195840,70918144,31535688,2271904
108474368,70918144,32689512,2271904
108707840,70918144,33872128,2271904
108703744,70918144,33893680,2271904
108933120,70918144,34949624,2271913
109305856,70918144,35970872,2271913
109301760,70918144,35995208,2271913
109436928,70918144,37047496,2271922
109563904,70918144,38178784,2280114
109559808,70918144,38203120,2280114
109981696,70918144,39269160,2280114
109985792,70918144,40296392,2280114
109985792,70918144,40320896,2280114
110178304,70918144,41384560,2280114
110518272,70918144,42378464,2280114
110813184,70918144,42406520,2280114
111226880,70918144,43468680,2280114
111235072,70918144,44766320,2280123
111235072,70918144,44787896,2280123
111308800,70918144,45815512,2280123
111333376,70918144,31665416,2280132
111333376,70918144,31689736,2280132
111763456,70918144,33003336,2280132
112099328,70918144,34175936,2280132
112095232,70918144,34200440,2280132
112340992,70918144,35332512,2280132
112418816,70918144,36382208,2280132
112414720,70918144,36406552,2280132
112492544,70918144,37465096,2280132
112447488,70918144,38514824,2280132
112455680,70918144,38544816,2280141
112472064,70918144,39564576,2288333
112492544,70918144,40599096,2288333
112492544,70918144,40626432,2288342
112496640,70918144,41786080,2288342
113795072,70918144,43346136,2289954
258686976,212738048,181172512,2033524
259108864,212738048,187036200,2033555
260325376,213524480,179017632,2033400
260345856,213524480,181838832,2033524
261259264,213786624,187862360,2033555
261726208,214310912,194477800,2033493
262381568,215359488,181780744,2033493
262725632,215359488,187867240,2033564
263393280,215621632,194492088,2033502
264044544,216408064,182055808,2033440
264495104,216932352,188361472,2033573
264863744,217194496,194756336,2033511
265515008,218243072,182731624,2033418
266166272,219029504,189358000,2033573
258482176,219029504,195542200,2033511
262819840,219029504,198430640,2033635
264605696,219553792,188572440,2033542
264724480,219553792,194761472,2041703
264724480,219553792,197567400,2041827
266047488,220864512,189097352,2041672
266272768,221126656,195232464,2041712
266543104,221126656,198047232,2041836
267632640,222437376,189521848,2041681
267841536,222437376,195527568,2041721
267841536,222437376,198308160,2041845
269217792,223748096,190343440,2041690
269713408,223748096,196324136,2041721
269713408,223748096,199104992,2041845
270909440,225058816,190209224,2041659
271134720,225058816,192389032,2041628
271134720,225058816,192407072,2041628
271568896,225845248,192849872,2041628
271638528,225845248,192852792,2041628
271642624,225845248,192860464,2041637
271712256,225845248,192839152,2041637
271888384,225845248,192860784,2041637
271892480,225845248,192868424,2041646
272064512,225845248,192848536,2041646
272248832,225845248,192853632,2041646
272248832,225845248,192855480,2041646
272429056,225845248,192857584,2049838
272621568,225845248,192828232,2049838
272621568,225845248,192830136,2049838
272793600,225845248,192832440,2049838
272977920,225845248,192841424,2049838
272977920,225845248,192843296,2049838
273096704,225845248,192903720,2049847
273469440,225845248,193065992,2049847
273362944,225845248,193067880,2049847
273367040,225845248,193174552,2049856
273375232,225845248,193340464,2049856
273375232,225845248,193342456,2049856
70934528,43393024,27267104,2025208
79683584,50733056,32245536,2025208
79683584,50733056,32248080,2025208
81330176,50733056,30721720,2025208
84074496,59121664,36056352,2025208
69505024,31334400,26893136,2025208
74956800,35004416,30063504,2025208
80248832,40509440,30695552,2025217
80248832,40509440,30697808,2025217
81551360,49946624,29294368,2025208
90210304,49946624,30613440,2033409
90210304,49946624,30615672,2033409
90484736,49946624,31772160,2033409
90943488,50208768,33172856,2033409
90943488,50208768,33175112,2033409
92549120,50733056,34561112,2033409
96227328,67248128,29374616,2033400
96227328,67248128,29377424,2033400
103137280,67248128,30140552,2033400
109187072,67248128,30409704,2033400
109187072,67248128,30418800,2033409
109420544,67248128,30808712,2033409
109449216,67248128,30949280,2033409
109449216,67248128,30957960,2033418
109637632,67248128,31218120,2033418
109821952,67248128,31464608,2033418
109821952,67248128,31486768,2033418
109998080,67248128,31755056,2033418
110170112,67248128,32002728,2033418
110166016,67248128,32024784,2033418
110366720,67248128,32294288,2033418
110542848,67248128,32541520,2033418
110538752,67248128,32566432,2033418
104382464,67248128,32839616,2041619
105373696,67248128,33079800,2041619
105537536,67248128,33105504,2041619
106053632,67248128,33386736,2041628
107458560,67248128,33647944,2041628
107458560,67248128,33672872,2041628
107573248,67248128,33940304,2041628
107687936,67248128,34188504,2041628
107687936,67248128,34210688,2041628
107892736,67248128,34487552,2041628
108011520,67248128,34734632,2041628
108011520,67248128,34756792,2041628
108191744,67248128,35024600,2041628
108306432,67248128,35280664,2041637
108306432,67248128,35305600,2041637
108306432,67248128,35567440,2041637
108310528,67248128,35822360,2041646
108310528,67248128,35847272,2041646
108359680,67248128,36109488,2041646
108359680,67248128,36358544,2041646
108359680,67248128,36380648,2041646
108363776,67248128,36647832,2041646
108363776,67248128,36900184,2041646
108363776,67248128,36925192,2049838
108367872,67248128,37191136,2049838
108564480,67248128,37442376,2049838
108560384,67248128,37473328,2049847
108744704,67248128,37736360,2049847
108920832,67248128,37986352,2049847
108920832,67248128,38017304,2049856
109117440,67248128,38280616,2049856
109314048,67248128,38530808,2049856
109314048,67248128,38555720,2049856
109506560,67248128,38825216,2049856
109707264,67248128,39074880,2049856
109711360,67248128,39099688,2049856
103628800,67248128,39362952,2049856
104390656,67248128,39618784,2049856
104390656,67248128,39643792,2049856
104566784,67248128,39895256,2049865
104800256,67248128,40163728,2049865
104800256,67248128,40188680,2049865
104923136,67248128,40443768,2049874
105107456,67248128,40710472,2049874
105107456,67248128,40732776,2049874
105517056,67248128,40985528,2058066
105697280,67248128,41258320,2058066
105701376,67248128,41283208,2058066
105820160,67248128,41399368,2058066
106139648,67248128,41606000,2058066
106135552,67248128,41628136,2058066
106381312,67248128,41815600,2058066
106565632,67248128,41832792,2058075
106627072,67248128,41859136,2058075
106872832,67248128,41839584,2058075
106979328,67248128,41660392,2058084
106979328,67248128,41685312,2058084
107241472,67248128,41864000,2058084
107446272,67248128,41877024,2058084
107446272,67248128,41901896,2058084
107642880,67248128,42214792,2058084
107757568,67248128,42750960,2058084
107753472,67248128,42775832,2058084
107843584,67248128,43289752,2058084
108048384,67248128,43564192,2058084
108048384,67248128,43592248,2058093
108269568,67248128,43838952,2058093
108470272,67248128,44050520,2066285
108470272,67248128,44078728,2066294
108646400,67248128,44127752,2066294
108838912,67248128,44339496,2066294
108838912,67248128,44364288,2066294
109342720,67248128,44417000,2066294
109346816,67248128,44430296,2066294
109346816,67248128,44455192,2066294
109367296,67248128,44443720,2066294
109363200,67248128,44457200,2066294
109363200,67248128,44482096,2066294
109367296,67248128,44476608,2066303
109371392,67248128,44484216,2066303
109375488,67248128,44509048,2066303
109375488,67248128,44505320,2066312
109371392,67248128,44513112,2066312
109371392,67248128,44515392,2066312
109375488,67248128,44528192,2066312
109375488,67248128,44542112,2066312
109375488,67248128,44544392,2066312
109621248,67248128,44556272,2066312
110030848,67248128,44578384,2066312
110030848,67248128,44580624,2066312
110026752,67248128,44590408,2074504
110034944,67248128,44614464,2074513
110034944,67248128,44616704,2074513
110034944,67248128,44623568,2074513
110039040,67248128,44653992,2074522
110039040,67248128,44656232,2074522
110039040,67248128,44679120,2074522
110075904,67248128,44713848,2074522
110075904,67248128,44716088,2074522
110108672,67248128,44726672,2074522
110182400,67248128,44747272,2074522
110182400,67248128,44749488,2074522
110358528,67248128,44762688,2074522
110546944,67248128,44778840,2074522
110546944,67248128,44787168,2074531
110796800,67248128,44794136,2074531
111116288,67248128,44822544,2074531
111116288,67248128,44830784,2074540
112472064,67248128,44838640,2074540
112472064,67248128,44856040,2074540
112472064,67248128,44858224,2074540
112472064,67248128,44872232,2074540
112467968,67248128,44888680,2082732
112398336,67248128,44890944,2082732
112402432,67248128,44904952,2082732
112398336,67248128,44921656,2082732
112398336,67248128,44923864,2082732
112402432,67248128,44944320,2082741
112418816,67248128,44952328,2082741
112418816,67248128,44954608,2082741
112427008,67248128,44976536,2082750
112431104,67248128,44987128,2082750
112431104,67248128,44989384,2082750
112443392,67248128,45008104,2082750
112513024,67248128,45025160,2082750
112513024,67248128,45027472,2082750
112525312,67248128,45038904,2082750
112537600,67248128,45054344,2082750
112533504,67248128,45063096,2082750
112549888,67248128,45076368,2082750
112558080,67248128,45080752,2082759
112558080,67248128,45105968,2082759
112570368,67248128,45114936,2082759
112599040,67248128,45118248,2082768
112541696,67248128,45140320,2082768
112574464,67248128,45153560,2090960
112623616,67248128,45139856,2090960
112623616,67248128,45164736,2090960
112623616,67248128,45166992,2090960
112656384,67248128,45146592,2090960
112660480,67248128,45171472,2090960
112664576,67248128,45171584,2090960
112771072,67248128,45151232,2090960
112766976,67248128,45179512,2090969
112812032,67248128,45176336,2090969
112836608,67248128,45167136,2090969
112832512,67248128,45198040,2090978
112832512,67248128,45192360,2090978
112832512,67248128,45189712,2090978
112836608,67248128,45214872,2090978
112832512,67248128,45216184,2090978
112832512,67248128,45195856,2090978
112832512,67248128,45220704,2090978
112836608,67248128,45220784,2090978
112836608,67248128,45200376,2090978
112836608,67248128,45225224,2090978
112865280,67248128,45241704,2090987
112865280,67248128,45231832,2090987
112865280,67248128,45256056,2099179
112865280,67248128,45246888,2099188
112865280,67248128,45221256,2099188
112861184,67248128,45245456,2099188
112865280,67248128,45261216,2099188
112865280,67248128,45227192,2099188
112873472,67248128,45251272,2099188
112877568,67248128,45249136,2099188
112885760,67248128,45231720,2099188
112885760,67248128,45255832,2099188
112885760,67248128,45256816,2099188
112885760,67248128,45242344,2099197
112885760,67248128,45263912,2099197
112893952,67248128,45270144,2099197
112902144,67248128,45259296,2099206
112906240,67248128,45283432,2099206
112971776,67248128,45255888,2099206
113233920,67248128,45259448,2099206
113229824,67248128,45283792,2099206
104161280,67248128,45261288,2099206
104976384,67248128,45263648,2099206
104972288,67248128,45285080,2099206
105160704,67248128,45265984,2099206
105234432,67248128,45268040,2107398
105234432,67248128,45297760,2107407
105447424,67248128,45270392,2107407
105598976,67248128,45274016,2107407
105598976,67248128,45303584,2107416
105791488,67248128,45276280,2107416
105996288,67248128,45279760,2107416
105996288,67248128,45301272,2107416
106196992,67248128,45282104,2107416
106397696,67248128,45298144,2107416
106397696,67248128,45319552,2107416
106668032,67248128,45300168,2107416
106930176,67248128,45302240,2107416
106921984,67248128,45323776,2107416
107134976,67248128,45310160,2107425
107339776,67248128,45306664,2107425
107339776,67248128,45330816,2107425
107614208,67248128,45315840,2107434
107806720,67248128,45329024,2107434
107810816,67248128,45353152,2107434
108085248,67248128,45316168,2107434
108236800,67248128,45318384,2115626
108232704,67248128,45342520,2115626
108515328,67248128,45320720,2115626
108593152,67248128,45322992,2115626
108597248,67248128,45347128,2115626
108666880,67248128,45501232,2115626
108920832,67248128,45509032,2115635
108920832,67248128,45533064,2115635
109174784,67248128,45505512,2115635
109981696,67248128,45514608,2115644
109977600,67248128,45538744,2115644
109981696,67248128,45511184,2115644
109985792,67248128,45514592,2115644
109985792,67248128,45538624,2115644
109985792,67248128,45516832,2115644
109981696,67248128,45519112,2115644
109981696,67248128,45537008,2115644
110125056,67248128,45379920,2115644
110129152,67248128,45365840,2115644
110129152,67248128,45373176,2115653
110133248,67248128,45384360,2115653
110133248,67248128,45388016,2115653
110133248,67248128,45395320,2115662
110129152,67248128,45533112,2123854
110129152,67248128,45536680,2123854
110129152,67248128,45538400,2123854
